category,name,link,image,price,isBestSeller,
key,Bàn phím Gaming Custom ASUS ROG Azoth,https://s.shopee.vn/LSqw4ox35,https://down-vn.img.susercontent.com/file/vn-11134207-7r98o-lxdvsq84f36jb9,6tr,(GAMING),
key,Bàn Phím Razer BlackWidow V3 Tenkeyless,https://s.shopee.vn/6V3UHmiaCH,https://down-vn.img.susercontent.com/file/vn-11134207-7r98o-lq0bs6az1ph3a3,1tr6,( GAMING ),
key,XinMeng M87 và M98 tại,https://s.shopee.vn/5Kr6xpW28y,https://down-vn.img.susercontent.com/file/vn-11134207-7r98o-lngneir3ijjue7,900k,(bestseller),
key,XinMeng M87 giá rẻ 3 Mode / Mạch xuôi / Led RGB / Hotswap,https://shope.ee/9A1Yf4LHDZ,https://down-vn.img.susercontent.com/file/vn-11134207-7r98o-lw3k79v7ag2h9f,700k,(bestseller),
key,Bàn phím cơ không dây XinMeng M75 - Mạch xuôi - Switch Black Plum - Màn Hình Custom - Có Led Viền,https://s.shopee.vn/7fF1koeqDh,https://down-vn.img.susercontent.com/file/vn-11134207-7r98o-ltdlroi5mkzo3e,900k,(bestseller),
key,Hàng Chính Hãng Rainy 75 - Bàn phím cơ RAINY75 Kết Nối 3 Mode Full Nhôm Led RGB BH 12 Tháng,https://shope.ee/8pO4TxIUGm,https://down-vn.img.susercontent.com/file/vn-11134207-7r98o-lp7z6w52uz4ef1,2tr,(bestseller),
key,Bàn phím cơ Gamming Aukey KM-G12 full size giá rẻ,https://s.shopee.vn/AKGCpctGdB,https://down-vn.img.susercontent.com/file/vn-11134201-23020-zm7zuis0o1nv9d,350k,,
key,Bàn phím cơ Lofree Flow 84 keys và 100 keys nhôm CNC,https://s.shopee.vn/5fUNGhbWDU,https://down-vn.img.susercontent.com/file/vn-11134207-7r98o-lwr2e95zhvx573,2tr7,,
key,Bàn Phím Cơ Gaming - AKKO MOD007 v3 HE Year Of Dragon,https://s.shopee.vn/5VAx3rC1Vn,https://down-vn.img.susercontent.com/file/vn-11134207-7r98o-lwsd9gn8mgnv90,4tr,,
key,"Bàn phím cơ không dây Furycube F75s | furycube f75s 3mode, vỏ nhôm cnc , led rgb, mạch xuôi, gasket mount",https://s.shopee.vn/50EgTB8HQj,https://down-vn.img.susercontent.com/file/vn-11134207-7r98o-lwoa9a69gc7t76,1tr900k,,
key,Aula f75 giá rẻ  3 mode led RGB hotswap,https://s.shopee.vn/B9QhgFhVA,https://down-vn.img.susercontent.com/file/vn-11134207-7r98o-lvz9amyjofyzde,800k,(bestseller),
,Aula F75  tại,https://s.shopee.vn/qOhbV6Ang,https://down-vn.img.susercontent.com/file/vn-11134207-7r98o-ln304g5yiuk3ff,1tr,(bestseller),
key,Aula F75 hàng shopee mall,https://shope.ee/g30XozsIx,https://down-vn.img.susercontent.com/file/cn-11134207-7r98o-lv08tp4pcix947,1tr,(bestseller),
key,Phím cơ giá rẻ,https://shope.ee/9UeP4SdwO9,https://down-vn.img.susercontent.com/file/vn-11134207-7r98o-lnb7ccqj2bql1b,300k,(bestseller),
key,Monka 3067,https://s.shopee.vn/4puqN3H293,https://down-vn.img.susercontent.com/file/vn-11134207-7r98o-lngneir3a456e5,800k,(bestseller),
key,MONKA 3075 pro ver 2 - 3 mode kết nối - Mạch xuôi - Led RGB- có màn LED Custom,https://shope.ee/6fJXd5rB9e,https://down-vn.img.susercontent.com/file/vn-11134207-7r98o-lodi6s8t4s1f61,1tr250,(bestseller),
key,ZA63 Pro -Trục cơ Linear Hotswap 5 Pin - Pin sạc - LEG RGB cả phím và body - APP riêng,https://shope.ee/9pGT5TStNF,https://down-vn.img.susercontent.com/file/vn-11134207-7r98o-lowwy097bpej7c,550k,(bestseller),
key,K68BT Trục Cơ Red Switch Gõ Cực Đã Có Hotswap,https://shope.ee/7zowf5eJ1J,https://down-vn.img.susercontent.com/file/vn-11134207-7r98o-lvv66wy32l0b7f,429k,(bestseller),
key,XinMeng M71 Ver 2 khung nhôm CNC 3 modes mạch xuôi gasket mount hotswap led rgb bảo hành 6 tháng,https://shope.ee/8KRn4cG0nA,https://down-vn.img.susercontent.com/file/vn-11134207-7r98o-lmhcqapsd04fba,1tr350,(bestseller),
key,Phím Cơ Gaming K3 Red Switch Full Size Red Switch,https://shope.ee/5KoKNSSFim,https://down-vn.img.susercontent.com/file/vn-11134207-7r98o-lmzgv9las15r02,470k,(bestseller),
key,AkkoMG108B  3mode,https://shope.ee/9UdkSlBZQJ,https://down-vn.img.susercontent.com/file/vn-11134207-7r98o-lqxnw34m1zmhfd,1tr2,,
key, Bàn phím cơ CMK75 Chính Hãng có màn hình,https://shope.ee/9za13g9fPS,https://down-vn.img.susercontent.com/file/vn-11134207-7r98o-ln9lqvsbc8y2c1,1tr7,,
key_hethang,"Bàn phím cơ Corsair, Bàn phím Gaming Corsair K70",https://shope.ee/8zhdA0fGw2,https://down-vn.img.susercontent.com/file/sg-11134201-7rblz-llu70hym4o9ca4,1tr9,,
key,Bàn Phím Cơ Máy Tính Crack K2 PRO,https://shope.ee/8UlDG0cP0Q,https://down-vn.img.susercontent.com/file/vn-11134207-7r98o-lvl9lctiz9u9dc,355k,,
key,Bàn phím cơ DAREU A87 shop mall,https://shope.ee/2VU9PsHnkY,https://down-vn.img.susercontent.com/file/c7e64672d4c076339a173e0ed65d6e51,2tr2,,
key,EK75 - Bàn phím cơ DAREU EK75 / EK75 PRO,https://shope.ee/7AFyy2jjho,https://down-vn.img.susercontent.com/file/vn-11134207-7r98o-lpw6dft1sy4y89,600k/1tr,,
key,Bàn Phím Cơ EDRA EK387 Led Rainbow,https://shope.ee/1VbVGOm4FF,https://down-vn.img.susercontent.com/file/3d3537fece9a69dee61d332708f9c386,800k,,
,,,,,,
key,Bàn Phím Cơ Infi 100 Nhôm CNC 6063 Mạch Xuôi 3 Mode RGB,https://shope.ee/20Xo4liN6W,https://down-vn.img.susercontent.com/file/vn-11134207-7r98o-lqzr2b376b2xf8,2tr4,,
,,,,,,
key,[HÀNG SẴN] Bàn phím cơ MonsGeek M1W / M1W SP không dây 3 mode vỏ nhôm CNC,https://shope.ee/6fJRJmfuR5,https://down-vn.img.susercontent.com/file/vn-11134207-7r98o-lvlk016o47x8c7,1tr6,,
,,,,,,
,,,,,,
key,Bàn Phím Cơ Custom Rainy 75 Nhôm CNC 3 Modes Via Hotswap - EA Gear,https://shope.ee/9exJTrv6FV,https://down-vn.img.susercontent.com/file/vn-11134207-7r98o-lsa7njcoa8bd9d,2tr2,,
key_null,RK R75 1-3mode,https://shope.ee/4AcEw4ewzK,,,,
key_null,rk61 rgb,https://shope.ee/8A8UREp06b,,,,
key,Bàn Phím Cơ Không Dây RK M75 3 Chế Độ Kết Nối - Led Mạch Xuôi - Keycap PBT Doublue shot - Full Foam,https://shope.ee/6zwO1hpuTg,https://down-vn.img.susercontent.com/file/vn-11134207-7r98o-lulxt658o36t4a,1tr3,,
key,ROYAL KLUDGE RK918  RK919 PRO PHIÊN BẢN 2021 LED RGB KÈM KÊ TAY,https://shope.ee/8f4jqTsyLR,https://down-vn.img.susercontent.com/file/vn-11134207-7qukw-lkg8q8a6f7h8a3,1tr,,
key,Rk918 Có Dây Đèn Nền RGB shop nước ngoài,https://shope.ee/40IuI2KqKO,https://down-vn.img.susercontent.com/file/cn-11134207-7r98o-llen9lgz5vvwd1,900k,,
key_wait,sugar65,https://shope.ee/9KKKGSCClG,https://down-vn.img.susercontent.com/file/vn-11134207-7r98o-lq8rjiz1bcgi24,,,
key,Vỏ Gỗ Bàn Phím Cơ TU40%,https://shope.ee/6zwYGxpPjj,https://down-vn.img.susercontent.com/file/vn-11134207-7r98o-lq48zyhf14nmc9,700k,,
key_wait,Valkyrie VK87,https://shope.ee/9pGhCWfitD,https://down-vn.img.susercontent.com/file/cn-11134207-7r98o-lr4ageba6qql30,,,
key_hethang,VGNN75,https://shope.ee/6pcxpOqXoh,https://down-vn.img.susercontent.com/file/vn-11134207-7qukw-lj7zq9xp2x3gd8,,,
key_hethang,XinMeng M67 ,https://shope.ee/6fJfRDW3Jp,https://down-vn.img.susercontent.com/file/vn-11134207-7r98o-ln9g1i9wf31v7c,(hết hàng),,
key,ZA641 pro - Red swtich Có Hotswap - Pin sạc - Hỗ trợ Macbook  Laptop  Windows,https://shope.ee/9A124inqUt,https://down-vn.img.susercontent.com/file/vn-11134207-7r98o-ln0u2fzq6qc8d1,429k,,
,,,,,,
,,,,,,
,,,,,,
,,,,,,
keycap,Phím Sương Mù Trong Suốt Matte Milky White,https://s.shopee.vn/8zkMERTfSH,https://down-vn.img.susercontent.com/file/sg-11134201-7rcda-lsb5ar9j4csycf,579k,(bestseller),
keycap,Keycap Genshin Impact Furina Focalors thick PBT xuyên led,https://s.shopee.vn/6pgKiIDFN7,https://down-vn.img.susercontent.com/file/vn-11134207-7r98o-lqhphjv7k3bme0,500k,,
keycap,Keycap Dragon Ball song ngữ Nhật Songoku PBT profile Cherry,https://s.shopee.vn/6V3UJnOooz,https://down-vn.img.susercontent.com/file/vn-11134201-23020-jayw4v07w2nv36,330k,,
keycap,KEYCAP bóc phím các loại NEW chưa gõ,https://s.shopee.vn/4VHzzN7w3B,https://down-vn.img.susercontent.com/file/vn-11134207-7r98o-lu5fiy2vhpnjf0,> 80k,(bestseller),
keycap,Bộ Keycap Nhựa PBT Cao Cấp Nút Phím Lắp Cho Bàn Phím Cơ Hơn 50 Mẫu Đa Dạng Profile XDA OEM Cherry,https://shope.ee/10fGsjiINB,https://down-vn.img.susercontent.com/file/sg-11134201-23010-misoh6086vlv14,178k,(bestseller),
keycap,Keycap xuyên led ABS/PBT Doubleshot Profile OEM nhiều màu sắc,https://shope.ee/6pd0784gxG,https://down-vn.img.susercontent.com/file/vn-11134207-7r98o-ltcc56uwnxdw5b,47k-100k,(bestseller),
keycap,Bộ Keycap PBT profile XDA MOA  Shimmer  Matcha  in Dyesub dùng được với đa số bàn phím cơ,https://shope.ee/7UsiRrYlMX,https://down-vn.img.susercontent.com/file/sg-11134201-22120-cg642gx5tmkveb,>159k,(bestseller),
keycap,Keycap Mèo Con Trong Hộp Cute,https://shope.ee/LPU8IW3Fp,https://down-vn.img.susercontent.com/file/sg-11134201-23020-jiq42vwnhhnv4b,20k,,
,,,,,,
keycap,keycap xuyên led aula f75,https://shope.ee/6zwHiOedl7,https://down-vn.img.susercontent.com/file/cn-11134207-7r98o-lv08tp4pcix947,279k,,
keycap,Keycap xuyên led mạch xuôi gradient cherry profile nhựa pbt doubleshot dùng cho mạch xuôi ,https://shope.ee/5fR57DjU5M,https://down-vn.img.susercontent.com/file/vn-11134207-7r98o-lw2u8v2flkntb2,299k,,
keycap,keycap pudding PBT double shot 129 phím xuyên led,https://shope.ee/4pry7KQoXn,https://down-vn.img.susercontent.com/file/vn-11134207-7qukw-ljciygprerd8a7,165k,,
keycap,Keycap Gấu Hoạt Hình Dễ Thương Gấu Keycap 133 Phím XDA,https://shope.ee/8A8MrOdfgK,https://down-vn.img.susercontent.com/file/sg-11134201-7rbmr-llvuj6aege6oaa,288k,,
keycap,Keycap CMK Botanical First Love Darling Carbon Jamon Yeeti Frost Witch Toxic profile cherry ,https://shope.ee/AKCrSI8OjU,https://down-vn.img.susercontent.com/file/vn-11134207-7r98o-lov86m4iedzvde,299k,,
keycap,Bộ Keycap OEM Xuyên LED  mạch xuôi,https://shope.ee/7fCJwW4f06,https://down-vn.img.susercontent.com/file/vn-11134207-7r98o-lln3nwp52y7w88,169k,,
,,,,,,
,,,,,,
,,,,,,
kit,Kit bàn phím cơ RECORD ALICE v2 3 mode kết nối RGB ,https://s.shopee.vn/AUZd4d0WDl,https://down-vn.img.susercontent.com/file/vn-11134207-7r98o-lwu76rqqun6h17,1tr6,,
kit,"Kit bàn phím cơ lucky 65 nhôm cnc, 3 mode kết nối mạch xuôi",https://s.shopee.vn/10iXkxSBdL,https://down-vn.img.susercontent.com/file/vn-11134207-7r98o-lwbq2b0gkq8re6,1tr ,,
kit,KIT bàn phím cơ MonsGeek MG108W White (Dual Mode / Hotswap 5 pin,https://s.shopee.vn/7AJB6QFED7,https://down-vn.img.susercontent.com/file/vn-11134207-7qukw-lg7rumnzr8jb13,760k,,
kit,kit GMK67,https://shope.ee/5AVPvLdZ7O,https://down-vn.img.susercontent.com/file/vn-11134207-7qukw-lk2rlwsy0m9g2b,849k,,
kit,Bàn Phím Cơ aula leobog hi8 75% 80 Phím khung nhôm,https://shope.ee/3L3KlgYEuB,https://down-vn.img.susercontent.com/file/cn-11134207-7r98o-lpengaxl025305,2tr1,,
kit,Kit XinMeng A66,https://s.shopee.vn/607DiViGKT,https://down-vn.img.susercontent.com/file/vn-11134207-7r98o-lm8f3u9a39pbe8,1tr450,,
kit,Kit bàn phím cơ Everglide sk98 có plate alu\pc kèm stab EG| Tom980 | Tm980 ,https://shope.ee/8UlQwID1la,https://down-vn.img.susercontent.com/file/vn-11134207-7r98o-lvacau7kuaode5,>600k,,
kit,Kit bàn phím TOM72 3 mode led RGB giá rẻ,https://shope.ee/A9tevHdZLk,https://down-vn.img.susercontent.com/file/vn-11134207-7qukw-lisz1c3lmbbme4,469k,,
kit1,kit GMK67 / GMK67S,https://shope.ee/7zp8ZVGnVx,https://down-vn.img.susercontent.com/file/vn-11134207-7qukw-lhllc2r1tfpd95,850k,,hanoi
kit_hethang,KIT bàn phím cơ không dây MK750 | 3 modes | Hotswap | Mạch xuôi | Hàng chính hãng,https://shope.ee/9A10VfY5O1,https://down-vn.img.susercontent.com/file/sg-11134201-23010-i8tl4mkbizlv99,1tr5,,
,,,,,,
kit_hethang,kit MonsGeek MG75 2mode,https://shope.ee/8UlDGvFNSD,https://down-vn.img.susercontent.com/file/vn-11134207-7qukw-ljs60x4al7ecac,640k,,
kit,Bộ kit bàn phím cơ Tester68 V2 CIY GK68 hot swap 2 mode kết nối wireless Bluetooth 5.0,https://shope.ee/9Udy8NpYg2,https://down-vn.img.susercontent.com/file/vn-11134207-7qukw-lg6uh9z6s3jrbf,379k,,
kit,Kit Bàn phím cơ Custom KBDFans Tofu65 2.0 | Nhôm | Gasket Mount | Top Mount | Hotswap | TOFU,https://shope.ee/2LAlDCWmMI,https://down-vn.img.susercontent.com/file/vn-11134207-7r98o-lnfe4ggpqqnub5,4tr3,,
kit_hethang,BÀN PHÍM CƠ KIT Weikav WK870 Nhôm CNC Mạch xuôi,https://shope.ee/7pVeXdaUaa,https://down-vn.img.susercontent.com/file/vn-11134207-7qukw-lhg7nan3joht1c,900k,,
,,,,,,
nothing,Chuột Máy Tính Bluetooth Không Dây Siêu Chip PAW3395 Attack Shark X3 PRO Tặng Grip Tape Cảm Biến Cao Cấp,https://shope.ee/8zhTrqDTRM,https://down-vn.img.susercontent.com/file/vn-11134207-7r98o-lo3jkhft2y6277,699k,(bestseller),
nothing,Chuột Gaming Razer DeathAdder Essential | Quang Học 6400 DPI | 5 Nút Lập Trình | Công Tắc,https://s.shopee.vn/2VXLX8Wkwh,https://down-vn.img.susercontent.com/file/vn-11134207-7r98o-lrzjbcy3166xc1,540k,(bestseller),
nothing,Chuột gaming không dây sạc pin TEKKIN INPHIC PM6 ,https://shope.ee/9UdlJHKuLZ,https://down-vn.img.susercontent.com/file/vn-11134207-7r98o-lola5lq0drcnc9,120k,,
nothing,Foam cao su non dày,https://shope.ee/AKCm3nV4kq,https://down-vn.img.susercontent.com/file/vn-11134207-7r98o-lpwhsk3d9ck2c8,14k,,
nothing,Bàn Làm Việc Bàn Gaming Nội Thất nhiều phiên bản,https://s.shopee.vn/2AuV8DSuh7,https://down-vn.img.susercontent.com/file/vn-11134207-7r98o-lvsfb1dj6wl508,300k,(bestseller),
nothing,Giá đỡ Laptop chân xoay 360 độ Đế tản nhiệt kê laptop Máy tính bảng ,https://shope.ee/7Ut5hvIRsg,https://down-vn.img.susercontent.com/file/vn-11134207-7r98o-llg9zko1716wea,200k,(bestseller),
nothing,Kê tay bàn phím đệm kê cổ tay bằng cao su non memory foam,https://shope.ee/3VMkCpmklu,https://down-vn.img.susercontent.com/file/f2bf803d96cecdcd467650f0b8601af4,100k,(bestseller),
nothing,Bộ dụng cụ vệ sinh laptop - máy tính - bàn phím - tai nghe ,https://shope.ee/9KKCUYUnOA,https://down-vn.img.susercontent.com/file/vn-11134207-7r98o-lr9yilhpzxdw84,55k,(bestseller),
nothing,Màn hình di động IPS FHD/2.5K  60hz-144hz Type C / HDMI Portable Monitor,https://shope.ee/mfHIJ2Hv,https://down-vn.img.susercontent.com/file/vn-11134207-7r98o-lvjzlrllu2xw1d,1tr7,,
,,,,,,
,,,,,,
,,,,,,
nothing,Kit Bàn Phím Cơ Numpad Rời 3 Mảnh Có thể Mod Custom,https://shope.ee/7AG3LOC5e8,https://down-vn.img.susercontent.com/file/vn-11134207-7qukw-lfa3sg17w95j4e,259k,,
nothing_wait,tainghechuptaimcQ9,https://shope.ee/8f4dTEEk7K,,,,
nothing_wait,taingheHiFiS2000Pro,https://shope.ee/9A0u49Cq6P,,,,
,,,,,,
,,,,,,
nothing_wait,banlamviecchansat,https://shope.ee/3VMVreKGz1,,,,
nothing_wait,banlamviecchansat,https://shope.ee/4KvcrBH6IC,,,,
nothing_wait,sim tạo tài khoản ảo,https://shope.ee/4KvZd9be6k,,,,
nothing_wait,banchaidienHachicoSonic ,https://shope.ee/40ImSZIMyA,,,,
nothing_wait,banchaidienMIFANSonicX5,https://shope.ee/4VF33UGSxF,,,,
,,,,,,
nothing_wait,chuotkodayBluetoothX7,https://shope.ee/7zoxWCqIOB,,,,
,,,,,,
nothing,Loa vi tính để bàn MC D221 SUPER BASS,https://shope.ee/8pO3fXE6mN,https://down-vn.img.susercontent.com/file/191ae3247ddef6cad0f10a0ff6deaa89,230k,,
nothing_wait,Dép đi trong nhà giá rẻ ,https://shope.ee/2fnRsqfVs3,,,,
nothing_wait,Dép đi trong nhà giá rẻ ,https://shope.ee/3pzPGzb4VI,,,,
nothing_wait,Dép đi bánh mì giá rẻ ,https://shope.ee/3ffz4gbhqH,,,,
nothing_wait,Dép đi bánh mì giá rẻ ,https://shope.ee/3VMYsNcLBG,,,,
nothing_wait,Giay AF1 giá rẻ  ,https://shope.ee/3L38g4cyWF,,,,
nothing_wait,giay Adidas Samba ,https://shope.ee/1qEKtJigYy,,,,
nothing_wait,Kem chống nắng DRGBrightening ,https://shope.ee/1fuuh0jJtx,,,,
nothing_wait,Kem chống nắng Loreal ,https://shope.ee/1VbUUhjxEw,,,,
nothing_wait,Kem chống nắng Skin1004,https://shope.ee/1LI4IOkaZv,,,,
nothing_wait,Kem chống nắng LaRochePosay,https://shope.ee/2VU1gXg9DA,,,,
nothing_wait,aophongRaglan ,https://shope.ee/2LAbUEgmY9,,,,
nothing_wait,aophongamiastore ,https://shope.ee/2ArBHvhPt8,,,,
nothing_wait,aophongtayloStussyParis ,https://shope.ee/20Xl5ci3E7,,,,
nothing_wait,Kem chống nắng  ,https://shope.ee/603sNRxuLJ,,,,
nothing_wait,các chị tham khảo sản phẩm Fixderma thử,https://shope.ee/2fnKrBJ6Od,,,,
nothing_wait,Son Bóng Bền Màu NhẹMôi Superstay VinylInkMaybellineNewYork ,https://shope.ee/2fnT1RJz9g,,,,
nothing_wait,Son Tint Bóng Ineyoo Luxe dưỡng môi,https://shope.ee/2q6tDkJLoj,,,,
nothing_wait,Son Tint lì cho môi căng mọng Hàn Quốc Romand JuicyLastingTint,https://shope.ee/30QJQ3IiTm,,,,
nothing_wait,Son Kem 3CE Cho Viền Môi Mờ Ảo Không Lem ,https://shope.ee/3AjjcMI58p,,,,
nothing_wait,Son Kem Lì 3CE MịnMàng Như Nhung ,https://shope.ee/4fYXP7CN68,,,,
,,,,,,
nothing_null,giá đỡ laptop,https://shope.ee/7Ut5havSFQ,,,,
,,,,,,
switch,Gateron Milky Yellow Pro linear 50g âm trầm,https://shope.ee/4KwIvQhhZx,https://down-vn.img.susercontent.com/file/vn-11134207-7r98o-lqd4lw97j2z68e,3k3 /1,,
switch,Switch phím cơ AKKO V3 Lavender Purple Pro/ Matcha Green,https://shope.ee/6zwZsW3x4v,https://down-vn.img.susercontent.com/file/vn-11134207-7r98o-lsiis1wzafno4f,5k /1,,
switch,switch quang học fuhen,https://s.shopee.vn/6fMsw1KjZc,https://down-vn.img.susercontent.com/file/a32dfb979addb97de11f8809f836137c,8k/1,,
switch,Switch Alien Lime Shaft 5 Pin - Có Pre Lube,https://shope.ee/7Usecco0St,https://down-vn.img.susercontent.com/file/vn-11134207-7r98o-lr6x05d2v1s4e3,3k2 /1,,
switch,(Có video sound test) Switch hãng Kalih  KTT Outemu LeoBog  Jixian AKKO Silent,https://shope.ee/9pGk8aHrnM,https://down-vn.img.susercontent.com/file/vn-11134207-7r98o-lpu8lwuh9m1e44,1k-5k,,
,,,,,,
switch,Switch Outemu Silent Lime Peach Crystal Gray White Yellow  tactile…,https://shope.ee/5AUf5MJYbR,https://down-vn.img.susercontent.com/file/vn-11134207-7r98o-lvbotrmfu9no52,3k7 /1,,
,,,,,,
,,,,,,
switch,Switch MMD Princess Holy Panda v2 ở HCM,https://shope.ee/6ANAirhoS2,https://down-vn.img.susercontent.com/file/vn-11134207-7r98o-lngk7pmjkl4ddf, 3k/1,,
switch,Switch MMD Princess 5 PIN Linear 45g Tactile 60g  ở Hà  Nội,https://shope.ee/6KgavAhB73,https://down-vn.img.susercontent.com/file/vn-11134207-7r98o-lqc8hdhr5q2f0d, 2k9/1,,
switch,TTC WILD 42g 55g TTC WIND linear ,https://shope.ee/6V0MWOamxp,https://down-vn.img.susercontent.com/file/vn-11134201-23030-gnipuszgtjovbc,15k,,
switch,Switch Philikey Yellow Pro 5 Pin - Switch trong suốt 5 Pin,https://shope.ee/7pVV1Emjmv,https://down-vn.img.susercontent.com/file/vn-11134207-7qukw-lfrnoc3g0dpm4c,>2k /1,,
switch,Switch Xinmeng Black Plum 5 Pin,https://shope.ee/7fC4ovnN7s,https://down-vn.img.susercontent.com/file/vn-11134207-7r98o-lpezyuc1r4grd2,3k2/1,,
